street_number,latitude,longitude,name_and_business,icon
237,-31.94815173,115.8594664,A J Cambridge & Co. Estate Agents,icon_1915
187,-31.94944527,115.8587148,A Passaris. Oyster Saloon,icon_1915
195,-31.94920109,115.8588771,Albert Weaver. Bootmaker,icon_1915
257,-31.94760683,115.8598396,"Alex Patman, Wine Saloon & Fruiterer",icon_1915
459,-31.94292947,115.862966,"Alfred Kemp, Hairdresser & Tobacconist; Mrs E Kemp, Confectioner.",icon_1915
183,-31.94951054,115.8586061,Alla j. Butt. Watchmaker,icon_1915
393,-31.9444653,115.8620602,Ambrose H Major. Butcher,icon_1915
289,-31.94683119,115.8602775,Arthur O'Donnell. Hairdresser & Tobacconist,icon_1915
410,-31.94442476,115.8628137,Arthur Wray,icon_1915
310,-31.94673274,115.8611876,"Ben Jones, Boot Dealer",icon_1915
312,-31.94659069,115.8610531,"Ben Jones, Boot Dealer",icon_1915
284,-31.94720853,115.8606896,"Bennett & Burnside, Grocers",icon_1915
415,-31.94394138,115.8621929,Bernhardt Santinover. Picture Frame Maker,icon_1915
253,-31.94776862,115.8599617,Britannia Coffee Palace. D. Bevan & W. Johns (proprietors),icon_1915
255,-31.9476946,115.8598678,Britannia Coffee Palace. D. Bevan & W. Johns (proprietors),icon_1915
421,-31.94392889,115.8623776,"Cecil D Baker, Painter",icon_1915
454,-31.94330684,115.8634609,Champion Boot & Shoe manufacturing Co (Sam Lechovsky manager),icon_1915
295,-31.94670076,115.8605385,Chas H Nielson,icon_1915
414,-31.94425214,115.8628364,Chas. H Dorney,icon_1915
451,-31.94313168,115.8628801,D Mylvanas,icon_1915
215,-31.94860366,115.8592193,Daniel H Lillingston. Watchmaker & Jeweller,icon_1915
202,-31.94926489,115.8596251,"David Rosen, pawnbroker",icon_1915
178,-31.94968645,115.8591091,Davies-Franklin Agency Ltd. Alfred Craig (manager) ,icon_1915
405,-31.94415253,115.8620511,Denis Ryan,icon_1915
184,-31.94963988,115.8592832,Dennis Florias. Oyster Saloon,icon_1915
320,-31.94656194,115.8613236,Dewar & Walsh Grocers; Frederick E (D & W ) Walsh,icon_1915
292,-31.94704881,115.8607627,"Du Rieu, Nurse",icon_1915
434,-31.94377496,115.8630098,Dunn Bros. Horse Dealers ,icon_1915
261,-31.94753858,115.8598932,Earnest Matthews. Dealer,icon_1915
437,-31.94327966,115.8625694,Edward A Sims,icon_1915
214,-31.94889152,115.8597856,"Edwin J White, Lodging House",icon_1915
206,-31.94912718,115.8596319,Ernest J Foreman. Restaurant,icon_1915
249,-31.94787514,115.8598954,Francis P Barrett. Smallgoods,icon_1915
449,-31.9431105,115.8626592,George F Kingman,icon_1915
278,-31.94746348,115.860582,George H Tomlinson. Hairdresser & Tobacconist,icon_1915
374,-31.94524561,115.8622785,George W Lander. Lodging House,icon_1915
287,-31.94692308,115.8602985,George. M Dow. Pastrycook,icon_1915
247,-31.94779455,115.8596969,Gleeson Jno. Hairdresser & Tobacconist,icon_1915
274,-31.94753361,115.8605314,Goon Goon Laundry,icon_1915
168,-31.95000265,115.8591271,Governor Broome Hotel. James Leslie,icon_1915
209,-31.94879218,115.8590149,Great Western Hotel.  George A Kentish,icon_1915
185,-31.9494492,115.8585526,Guildford Bec Co. (C. Jecks),icon_1915
245,-31.94790057,115.8597413,Harold Martin. Music Warehouse & Piano Tuner,icon_1915
338,-31.94589333,115.8615139,"Harry Brandreth; Mrs E. M. Brandreth, Fish Shop",icon_1915
223,-31.94844474,115.8592411,Harry C George. Frocer,icon_1915
189,-31.94923865,115.8586692,Harry T Dermer. Stationer,icon_1915
241,-31.94805008,115.8594873,Harry. G. Campbell. Cycle Depot,icon_1915
176,-31.94983733,115.859171,"Hedley J Hollway, Tobacconist (R)",icon_1915
235,-31.94832545,115.8596361,Heinrich Schmidt senior. Lock & Gunsmith,icon_1915
423,-31.94374365,115.8622028,Henry B. Abbott. Contractor,icon_1915
207,-31.94887026,115.8592546,Hing Wing & Co. Fruiterers,icon_1915
181,-31.94954489,115.8586796,Humphreys & Maplestone. Dairy,icon_1915
406,-31.94446317,115.8626812,Isia Krasnostein. Grocer & Greengrocer,icon_1915
340,-31.94597423,115.8615846,J C Ibbott. Butcher,icon_1915
232,-31.94853875,115.8600518,J G W Vernon. Smallgoods,icon_1915
388,-31.94488685,115.8625181,J. C. Loong. Laundry,icon_1915
428,-31.94378164,115.8627917,"J. H Davies, Wine Shop",icon_1915
450,-31.94330709,115.8631193,Jack Pope. Hairdresser & Tobacconist,icon_1915
234,-31.9484343,115.8599336,"Jacob Jacobs; I Mossenson, Watchmaker",icon_1915
380,-31.94494255,115.8621159,James Stevenson,icon_1915
350,-31.94557958,115.8616937,"Jas Feakes, Butcher",icon_1915
352,-31.94566805,115.8619533,"Jas Feakes, Butcher",icon_1915
364,-31.94546706,115.8620788,Jas George. Prod. Mcht,icon_1915
296,-31.94697128,115.8608216,Jas R Ward. Masseur,icon_1915
300,-31.94684642,115.8608848,Jas Tolmic. Carpenter,icon_1915
252,-31.94796273,115.8603254,Jno Duffy. Boarding House,icon_1915
167,-31.94972357,115.8587251,Jno G McGregor. Produce Merchant,icon_1915
190,-31.94952101,115.8595124,Jno H George Fruitier and Confectioner,icon_1915
236,-31.94846629,115.8601242,Jno J Stewart. Confectioner & Fruiterer,icon_1915
455,-31.94303863,115.8629299,Jno W Hughes,icon_1915
371,-31.94490529,115.8617602,Jno. A Gardner. Music Teacher,icon_1915
441,-31.94336932,115.8627794,Jno. F Fahey. Lodging House,icon_1915
182,-31.94961182,115.8591643,Johnsons Furnishing Co Ltd. Furnishers,icon_1915
272,-31.94758571,115.8606067,Jos Richards Bootmaker,icon_1915
221,-31.94854888,115.859505,"Jos Rickard, Broker; Mrs A Rickard, Dressmaker",icon_1915
334,-31.9460755,115.8615023,Joseph Rosenfeldt,icon_1915
318,-31.94642282,115.8611516,Joseph Zeitlin. Confectioner & Greengrocer,icon_1915
456,-31.94330654,115.8632512,"Joshua Loong Choong, Fruiterer",icon_1915
169,-31.94964678,115.8585799,K. Andros. Fish Saloon,icon_1915
191,-31.94921084,115.8587564,L. Con. Draper,icon_1915
458,-31.94317053,115.8634753,"Lance & Co, chemist, proprietor F. W. Chegwidden",icon_1915
194,-31.94941671,115.859287,"Lance & Co. Chemists (F. W Chegwidden, proprietor)",icon_1915
240,-31.94836263,115.8600935,"Lee Hang, Laundry",icon_1915
430,-31.94395913,115.8630993,M Rosenblum. Fruiterer & Grocer,icon_1915
432,-31.94370457,115.8628365,Mandel Brown. Bootmaker,icon_1915
204,-31.94910508,115.8594716,"Mary A Daniels, Furniture Dealer; William Daniels, Carrier",icon_1915
196,-31.94943879,115.8594474,"Maurice J Fieldman, Dealer",icon_1915
282,-31.94738662,115.8605285,Max Bercov. Butcher,icon_1915
218,-31.94878507,115.8597836,Miss A Moran. Lodging house,icon_1915
425,-31.94383742,115.862405,Miss B Barry. Storekeeper,icon_1915
239,-31.948225,115.8596079,Miss K F Davern. Stationer,icon_1915
354,-31.94555065,115.8618762,Miss M Gheelan. Confectioner,icon_1915
413,-31.94410309,115.8622781,"Miss M Maclean, Confectioner",icon_1915
231,-31.94829655,115.859481,Miss M McCradden. Lodging House,icon_1915
210,-31.94894959,115.8596304,Miss M Mckinley. Boarding house,icon_1915
427,-31.94347402,115.8624159,Mohammedan Mosque (Ayar Mohamed),icon_1915
426,-31.94410551,115.8630128,Morris Hoffmann,icon_1915
271,-31.9473071,115.8599129,"Mrs  K Fielder, Baker & Confectioner",icon_1915
403,-31.94422569,115.8621229,Mrs A G Williamson,icon_1915
440,-31.94349072,115.8629884,Mrs A Moloney,icon_1915
389,-31.94461451,115.8619566,Mrs A Turrell. Confectioner,icon_1915
370,-31.9453465,115.8622288,Mrs A Ward,icon_1915
372,-31.94516584,115.8619659,Mrs A. E Welch. Lodging House,icon_1915
197,-31.94920098,115.8589612,Mrs Alice Loy. Tea Rooms,icon_1915
407,-31.94414083,115.8621828,Mrs B M Vowles,icon_1915
433,-31.94331671,115.8625415,Mrs C J Stodart,icon_1915
399,-31.94421291,115.8618797,Mrs C Pollett,icon_1915
270,-31.9475556,115.8604356,Mrs D Gotlieb. Dressmaker,icon_1915
385,-31.94443883,115.8617009,Mrs E Franks. Dressmaker,icon_1915
397,-31.94431133,115.8619698,Mrs E Gibson,icon_1915
382,-31.94503476,115.8624297,Mrs E Gibson. Loarding House,icon_1915
225,-31.9483446,115.859377,Mrs E L Ethell. Lodging house,icon_1915
342,-31.94589898,115.8616821,Mrs G Stone. Storekeeper,icon_1915
356,-31.94562702,115.8620512,Mrs H Gibbon. Grocer,icon_1915
358,-31.94544427,115.8617538,Mrs H Gibbon. Grocer,icon_1915
258,-31.94774358,115.8603122,Mrs H Macphie,icon_1915
304,-31.94677383,115.8609388,Mrs H Quinn,icon_1915
419,-31.9438381,115.8621986,Mrs H White,icon_1915
200,-31.94924329,115.8594237,Mrs Hardy. Wine Saloon & Confectioner,icon_1915
387,-31.94450773,115.8618146,Mrs J Fulcher. Dairy Products,icon_1915
308,-31.94672418,115.8610345,Mrs J Jordan,icon_1915
452,-31.94322058,115.8631956,Mrs J L Pitt. Draper,icon_1915
224,-31.94865631,115.8599597,"Mrs J Slater, Boarding house",icon_1915
286,-31.94713418,115.8607057,Mrs K F Rendall,icon_1915
208,-31.94901456,115.8595249,"Mrs L(ouisa?) Thorburn, Lodging house",icon_1915
171,-31.94957601,115.8584406,Mrs M A Haworth. Fruiterer & Confectioner,icon_1915
386,-31.94484635,115.8621762,Mrs M A Linney,icon_1915
246,-31.94806741,115.860118,"Mrs M Cunningham, Lodging house",icon_1915
177,-31.94949806,115.8585097,Mrs M Faulkner. A. N. A Cafe,icon_1915
280,-31.94743696,115.8606579,"Mrs M Lee, Dairy Products & Confectioner",icon_1915
367,-31.9449641,115.8614045,Mrs M Simpson. Lodging house,icon_1915
445,-31.94317471,115.8626471,Mrs Mary Dewar,icon_1915
418,-31.94407336,115.862758,Mrs R Hoffman,icon_1915
402,-31.94458595,115.8626655,"Mrs S Musakhan, Confectioner",icon_1915
192,-31.94954917,115.8593296,National Bank of Australasia Ltd (Colin C Walker Manager),icon_1915
267,-31.94741123,115.8599239,"Oddfellows' Hall (S G Uren, sec)",icon_1915
233,-31.94822479,115.8593127,Patrick J Kiernan. Lodging House,icon_1915
394,-31.94462709,115.8622517,"Percy, Sara & Co, Grocers",icon_1915
396,-31.94467989,115.8623864,"Percy, Sara & Co, Grocers",icon_1915
381,-31.94435912,115.8615262,"Perth Case Fety. (W H Wilcocks, Proprietor)",icon_1915
198,-31.94933774,115.8594533,Perth Hostel (Mrs A Thomas Proprietor),icon_1915
217,-31.94864721,115.8593911,Peter Wood. Fruiterer & Confectioner,icon_1915
219,-31.94852713,115.8593428,Power Bros. Plumbers &c,icon_1915
411,-31.94401476,115.8621415,Railton Street. Bootmaker,icon_1915
330,-31.94615177,115.8615844,Reg Reynolds,icon_1915
346,-31.94573147,115.8617851,Robert Donald. ,icon_1915
203,-31.9488892,115.8591715,S Lucas. Fish Shop,icon_1915
173,-31.9496606,115.8587358,Samuel Goode. Clothier,icon_1915
285,-31.94699336,115.8604396,Samuel Major. Butcher,icon_1915
444,-31.9434433,115.8630107,Samuel Montgomery,icon_1915
392,-31.94477952,115.8623938,Set Long.,icon_1915
391,-31.94448515,115.861924,Siri Flygare. Laundry,icon_1915
404,-31.94441523,115.8624706,"Solomon Waten, Draper",icon_1915
390,-31.94474722,115.8622209,"Sun Hun, Greengrocer",icon_1915
269,-31.94740264,115.8600358,"Sutherland & son, Engineers",icon_1915
243,-31.94810804,115.8596472,"Swan Drug Co. (Fred. W E Danker, manager)",icon_1915
424,-31.94403318,115.8629041,Sydney J Armstrong,icon_1915
201,-31.94911609,115.8590955,Sydney Kaberry. Leather & Grindery,icon_1915
420,-31.94415103,115.862895,Sydney Simmons. Horse Dealer,icon_1915
277,-31.9472843,115.8601413,"T. Walton Jones, Storekeeper",icon_1915
281,-31.94721902,115.8600186,"T. Walton Jones, Storekeeper",icon_1915
395,-31.94432963,115.8617892,Thomas H Williams,icon_1915
199,-31.94920913,115.859017,Thomas Robert Loy,icon_1915
293,-31.9467985,115.8605146,Thomas Werrett. Dealer,icon_1915
229,-31.94844319,115.8595764,"Thos White, Lodging house",icon_1915
322,-31.94624854,115.8613088,Thos. Gordon. Cycle Works,icon_1915
324,-31.9462814,115.8615707,Thos. Gordon. Cycle Works,icon_1915
273,-31.94731009,115.8600155,"Victor Cohen, Carrier",icon_1915
186,-31.94964478,115.8593823,Victor Tomic. Wine Saloon,icon_1915
263,-31.94758099,115.860048,W Jackson. Cutler,icon_1915
227,-31.94834561,115.8592294,Walter C Alldis. Butcher,icon_1915
362,-31.94541215,115.8618388,"Walter J Bevan, Boarding House",icon_1915
265,-31.9475248,115.8599565,Western Dairy Co (William H Taylor),icon_1915
378,-31.94517546,115.8623372,William Beckett,icon_1915
238,-31.94832739,115.8599339,William Brown Saddler,icon_1915
205,-31.94880761,115.8591788,William Flint. Tobacconist & Hairdresser,icon_1915
339,-31.94563271,115.8612673,William G Weylandt. Produce Merchant,icon_1915
366,-31.94532404,115.8618716,William H George,icon_1915
266,-31.94762469,115.8603728,William H Jones Furniture Dealer,icon_1915
188,-31.94951261,115.8592134,William Hooper. Watch Makers,icon_1915
193,-31.94924855,115.858964,"William J Riley, Tobacconist & Hairdresser",icon_1915
383,-31.94459605,115.861795,William R Mackay. Engr,icon_1915
