street_number,latitude,longitude,name_and_business,count,icon
459,-31.942929469999900,115.862966000000000,"Alfred Kemp, Hairdresser & Tobacconist; Mrs E Kemp, Confectioner.",65,icon_1915
454,-31.943306840000000,115.863460900000000,Champion Boot & Shoe manufacturing Co (Sam Lechovsky manager),61,icon_1915
253,-31.947768620000000,115.859961700000000,Britannia Coffee Palace. D. Bevan & W. Johns (proprietors),58,icon_1915
255,-31.947694599999900,115.859867800000000,Britannia Coffee Palace. D. Bevan & W. Johns (proprietors),58,icon_1915
204,-31.949105079999900,115.859471600000000,"Mary A Daniels, Furniture Dealer; William Daniels, Carrier",58,icon_1915
192,-31.949549170000000,115.859329600000000,National Bank of Australasia Ltd (Colin C Walker Manager),57,icon_1915
178,-31.949686450000000,115.859109100000000,Davies-Franklin Agency Ltd. Alfred Craig (manager) ,51,icon_1915
194,-31.949416710000000,115.859286999999000,"Lance & Co. Chemists (F. W Chegwidden, proprietor)",50,icon_1915
320,-31.946561939999900,115.861323600000000,Dewar & Walsh Grocers; Frederick E (D & W ) Walsh,49,icon_1915
458,-31.943170530000000,115.863475300000000,"Lance & Co, chemist, proprietor F. W. Chegwidden",48,icon_1915
338,-31.945893330000000,115.861513900000000,"Harry Brandreth; Mrs E. M. Brandreth, Fish Shop",47,icon_1915
221,-31.948548880000000,115.859505000000000,"Jos Rickard, Broker; Mrs A Rickard, Dressmaker",46,icon_1915
278,-31.947463480000000,115.860581999999000,George H Tomlinson. Hairdresser & Tobacconist,45,icon_1915
276 - GROUND,-31.947521909999900,115.860677499999000,"James Cringlington, confectioner & fruiterer ",45,icon_1915
245,-31.947900570000000,115.859741300000000,Harold Martin. Music Warehouse & Piano Tuner,44,icon_1915
289,-31.946831190000000,115.860277500000000,Arthur O'Donnell. Hairdresser & Tobacconist,43,icon_1915
215,-31.948603660000000,115.859219300000000,Daniel H Lillingston. Watchmaker & Jeweller,43,icon_1915
381,-31.944359120000000,115.861526200000000,"Perth Case Fety. (W H Wilcocks, Proprietor)",43,icon_1915
318,-31.946422819999900,115.861151600000000,Joseph Zeitlin. Confectioner & Greengrocer,42,icon_1915
193,-31.949248550000000,115.858964000000000,"William J Riley, Tobacconist & Hairdresser",42,icon_1915
415,-31.943941379999900,115.862192900000000,Bernhardt Santinover. Picture Frame Maker,41,icon_1915
171,-31.949576010000000,115.858440599999000,Mrs M A Haworth. Fruiterer & Confectioner,41,icon_1915
243,-31.948108040000000,115.859647200000000,"Swan Drug Co. (Fred. W E Danker, manager)",41,icon_1915
235,-31.948325449999900,115.859636100000000,Heinrich Schmidt senior. Lock & Gunsmith,40,icon_1915
280,-31.947436960000000,115.860657900000000,"Mrs M Lee, Dairy Products & Confectioner",40,icon_1915
205,-31.948807609999900,115.859178800000000,William Flint. Tobacconist & Hairdresser,40,icon_1915
236,-31.948466289999900,115.860124200000000,Jno J Stewart. Confectioner & Fruiterer,39,icon_1915
247,-31.947794550000000,115.859696900000000,Gleeson Jno. Hairdresser & Tobacconist,38,icon_1915
209,-31.948792180000000,115.859014900000000,Great Western Hotel.  George A Kentish,38,icon_1915
406,-31.944463169999900,115.862681200000000,Isia Krasnostein. Grocer & Greengrocer,38,icon_1915
190,-31.949521010000000,115.859512400000000,Jno H George Fruitier and Confectioner,38,icon_1915
182,-31.949611820000000,115.859164300000000,Johnsons Furnishing Co Ltd. Furnishers,38,icon_1915
198,-31.949337740000000,115.859453300000000,Perth Hostel (Mrs A Thomas Proprietor),38,icon_1915
234,-31.948434299999900,115.859933600000000,"Jacob Jacobs; I Mossenson, Watchmaker",37,icon_1915
200,-31.949243289999900,115.859423699999000,Mrs Hardy. Wine Saloon & Confectioner,37,icon_1915
208,-31.949014559999900,115.859524900000000,"Mrs L(ouisa?) Thorburn, Lodging house",37,icon_1915
257,-31.947606830000000,115.859839600000000,"Alex Patman, Wine Saloon & Fruiterer",36,icon_1915
450,-31.943307090000000,115.863119299999000,Jack Pope. Hairdresser & Tobacconist,36,icon_1915
271,-31.947307100000000,115.859912900000000,"Mrs  K Fielder, Baker & Confectioner",36,icon_1915
217,-31.948647210000000,115.859391100000000,Peter Wood. Fruiterer & Confectioner,36,icon_1915
339,-31.945632710000000,115.861267299999000,William G Weylandt. Produce Merchant,36,icon_1915
168,-31.950002649999900,115.859127099999000,Governor Broome Hotel. James Leslie,35,icon_1915
265,-31.947524800000000,115.859956500000000,Western Dairy Co (William H Taylor),35,icon_1915
201,-31.949116090000000,115.859095500000000,Sydney Kaberry. Leather & Grindery,34,icon_1915
237,-31.948151729999900,115.859466400000000,A J Cambridge & Co. Estate Agents,33,icon_1915
176,-31.949837330000000,115.859171000000000,"Hedley J Hollway, Tobacconist (R)",33,icon_1915
242 Ground,-31.948268410000000,115.859997200000000,Jos Bensky Furniture Manufacturer,33,icon_1915
167,-31.949723570000000,115.858725100000000,Jno G McGregor. Produce Merchant,32,icon_1915
427,-31.943474020000000,115.862415900000000,Mohammedan Mosque (Ayar Mohamed),32,icon_1915
267,-31.947411230000000,115.859923900000000,"Oddfellows' Hall (S G Uren, sec)",32,icon_1915
233,-31.948224790000000,115.859312700000000,Patrick J Kiernan. Lodging House,32,icon_1915
266,-31.947624690000000,115.860372799999000,William H Jones Furniture Dealer,32,icon_1915
241,-31.948050080000000,115.859487300000000,Harry. G. Campbell. Cycle Depot,31,icon_1915
430,-31.943959130000000,115.863099300000000,M Rosenblum. Fruiterer & Grocer,31,icon_1915
231,-31.948296549999900,115.859481000000000,Miss M McCradden. Lodging House,31,icon_1915
210,-31.948949590000000,115.859630400000000,Miss M Mckinley. Boarding house,31,icon_1915
246,-31.948067410000000,115.860118000000000,"Mrs M Cunningham, Lodging house",31,icon_1915
374,-31.945245610000000,115.862278500000000,George W Lander. Lodging House,30,icon_1915
456,-31.943306539999900,115.863251199999000,"Joshua Loong Choong, Fruiterer",30,icon_1915
273a,-31.947473420000000,115.860174700000000,Mrs M Cohen. Refreshment Rooms,30,icon_1915
381a,-31.945577369999900,115.861352600000000,"Walter H Wilcocks, Hairdresser",30,icon_1915
362,-31.945412149999900,115.861838800000000,"Walter J Bevan, Boarding House",30,icon_1915
184,-31.949639879999900,115.859283199999000,Dennis Florias. Oyster Saloon,29,icon_1915
249,-31.947875140000000,115.859895400000000,Francis P Barrett. Smallgoods,29,icon_1915
181,-31.949544889999900,115.858679600000000,Humphreys & Maplestone. Dairy,29,icon_1915
371,-31.944905290000000,115.861760200000000,Jno. A Gardner. Music Teacher,29,icon_1915
372,-31.945165840000000,115.861965900000000,Mrs A. E Welch. Lodging House,29,icon_1915
225,-31.948344599999900,115.859376999999000,Mrs E L Ethell. Lodging house,29,icon_1915
387,-31.944507730000000,115.861814600000000,Mrs J Fulcher. Dairy Products,29,icon_1915
214,-31.948891520000000,115.859785600000000,"Edwin J White, Lodging House",28,icon_1915
206,-31.949127180000000,115.859631900000000,Ernest J Foreman. Restaurant,28,icon_1915
185,-31.949449200000000,115.858552600000000,Guildford Bec Co. (C. Jecks),28,icon_1915
354,-31.945550650000000,115.861876200000000,Miss M Gheelan. Confectioner,28,icon_1915
413,-31.944103089999900,115.862278100000000,"Miss M Maclean, Confectioner",28,icon_1915
382,-31.945034759999900,115.862429700000000,Mrs E Gibson. Loarding House,28,icon_1915
224,-31.948656310000000,115.859959700000000,"Mrs J Slater, Boarding house",28,icon_1915
177,-31.949498060000000,115.858509700000000,Mrs M Faulkner. A. N. A Cafe,28,icon_1915
367,-31.944964100000000,115.861404500000000,Mrs M Simpson. Lodging house,28,icon_1915
402,-31.944585950000000,115.862665500000000,"Mrs S Musakhan, Confectioner",28,icon_1915
420,-31.944151030000000,115.862894999999000,Sydney Simmons. Horse Dealer,28,icon_1915
277,-31.947284300000000,115.860141300000000,"T. Walton Jones, Storekeeper",28,icon_1915
281,-31.947219019999900,115.860018600000000,"T. Walton Jones, Storekeeper",28,icon_1915
281a,-31.947475760000000,115.860474600000000,"T. Walton Jones, Storekeeper",28,icon_1915
188,-31.949512609999900,115.859213400000000,William Hooper. Watch Makers,28,icon_1915
284,-31.947208530000000,115.860689600000000,"Bennett & Burnside, Grocers",27,icon_1915
423,-31.943743649999900,115.862202800000000,Henry B. Abbott. Contractor,27,icon_1915
441,-31.943369319999900,115.862779399999000,Jno. F Fahey. Lodging House,27,icon_1915
218,-31.948785070000000,115.859783600000000,Miss A Moran. Lodging house,27,icon_1915
389,-31.944614510000000,115.861956600000000,Mrs A Turrell. Confectioner,27,icon_1915
269,-31.947402640000000,115.860035800000000,"Sutherland & son, Engineers",27,icon_1915
207,-31.948870260000000,115.859254600000000,Hing Wing & Co. Fruiterers,26,icon_1915
339 (off),-31.947008550000000,115.861034900000000,Jno. H .Thorne. Blacksmith,26,icon_1915
196,-31.949438789999900,115.859447399999000,"Maurice J Fieldman, Dealer",26,icon_1915
239,-31.948225000000000,115.859607900000000,Miss K F Davern. Stationer,26,icon_1915
286a,-31.947293389999900,115.860907900000000,"Percy Rowe, Dyer & Cleaner",26,icon_1915
187,-31.949445269999900,115.858714800000000,A Passaris. Oyster Saloon,25,icon_1915
185b,-31.949461450000000,115.858630400000000,Cooper & Sellin. Painters,25,icon_1915
434,-31.943774959999900,115.863009800000000,Dunn Bros. Horse Dealers ,25,icon_1915
287,-31.946923080000000,115.860298500000000,George. M Dow. Pastrycook,25,icon_1915
189,-31.949238650000000,115.858669199999000,Harry T Dermer. Stationer,25,icon_1915
252,-31.947962730000000,115.860325399999000,Jno Duffy. Boarding House,25,icon_1915
425,-31.943837420000000,115.862405000000000,Miss B Barry. Storekeeper,25,icon_1915
270,-31.947555600000000,115.860435600000000,Mrs D Gotlieb. Dressmaker,25,icon_1915
394,-31.944627090000000,115.862251700000000,"Percy, Sara & Co, Grocers",25,icon_1915
396,-31.944679890000000,115.862386400000000,"Percy, Sara & Co, Grocers",25,icon_1915
411,-31.944014760000000,115.862141500000000,Railton Street. Bootmaker,25,icon_1915
229,-31.948443189999900,115.859576399999000,"Thos White, Lodging house",25,icon_1915
322,-31.946248539999900,115.861308800000000,Thos. Gordon. Cycle Works,25,icon_1915
324,-31.946281400000000,115.861570700000000,Thos. Gordon. Cycle Works,25,icon_1915
186,-31.949644780000000,115.859382299999000,Victor Tomic. Wine Saloon,25,icon_1915
195,-31.949201089999900,115.858877100000000,Albert Weaver. Bootmaker,24,icon_1915
183,-31.949510539999900,115.858606100000000,Alla j. Butt. Watchmaker,24,icon_1915
393,-31.944465300000000,115.862060200000000,Ambrose H Major. Butcher,24,icon_1915
261,-31.947538580000000,115.859893200000000,Earnest Matthews. Dealer,24,icon_1915
232,-31.948538750000000,115.860051799999000,J G W Vernon. Smallgoods,24,icon_1915
197,-31.949200980000000,115.858961200000000,Mrs Alice Loy. Tea Rooms,24,icon_1915
385,-31.944438829999900,115.861700900000000,Mrs E Franks. Dressmaker,24,icon_1915
342,-31.945898979999900,115.861682100000000,Mrs G Stone. Storekeeper,24,icon_1915
227,-31.948345610000000,115.859229400000000,Walter C Alldis. Butcher,24,icon_1915
202,-31.949264889999900,115.859625100000000,"David Rosen, pawnbroker",23,icon_1915
432,-31.943704570000000,115.862836500000000,Mandel Brown. Bootmaker,23,icon_1915
219,-31.948527129999900,115.859342799999000,Power Bros. Plumbers &c,23,icon_1915
310,-31.946732740000000,115.861187599999000,"Ben Jones, Boot Dealer",22,icon_1915
312,-31.946590690000000,115.861053100000000,"Ben Jones, Boot Dealer",22,icon_1915
421,-31.943928889999900,115.862377600000000,"Cecil D Baker, Painter",22,icon_1915
223,-31.948444739999900,115.859241100000000,Harry C George. Frocer,22,icon_1915
428,-31.943781640000000,115.862791700000000,"J. H Davies, Wine Shop",22,icon_1915
364,-31.945467059999900,115.862078800000000,Jas George. Prod. Mcht,22,icon_1915
272,-31.947585709999900,115.860606700000000,Jos Richards Bootmaker,22,icon_1915
169,-31.949646779999900,115.858579900000000,K. Andros. Fish Saloon,22,icon_1915
173,-31.949660600000000,115.858735800000000,Samuel Goode. Clothier,22,icon_1915
293,-31.946798500000000,115.860514600000000,Thomas Werrett. Dealer,22,icon_1915
383,-31.944596050000000,115.861795000000000,William R Mackay. Engr,22,icon_1915
300,-31.946846420000000,115.860884799999000,Jas Tolmic. Carpenter,21,icon_1915
285,-31.946993360000000,115.860439600000000,Samuel Major. Butcher,21,icon_1915
391,-31.944485149999900,115.861924000000000,Siri Flygare. Laundry,21,icon_1915
404,-31.944415230000000,115.862470599999000,"Solomon Waten, Draper",21,icon_1915
273,-31.947310089999900,115.860015500000000,"Victor Cohen, Carrier",21,icon_1915
238,-31.948327389999900,115.859933900000000,William Brown Saddler,21,icon_1915
388,-31.944886850000000,115.862518100000000,J. C. Loong. Laundry,20,icon_1915
356,-31.945627020000000,115.862051200000000,Mrs H Gibbon. Grocer,20,icon_1915
358,-31.945444269999900,115.861753800000000,Mrs H Gibbon. Grocer,20,icon_1915
452,-31.943220579999900,115.863195600000000,Mrs J L Pitt. Draper,20,icon_1915
390,-31.944747220000000,115.862220900000000,"Sun Hun, Greengrocer",20,icon_1915
off 185/185a,-31.949449200000000,115.858552600000000,William Young.Tailor,20,icon_1915
199 (off),-31.949432659999900,115.858887300000000,Busy Bee Letter Box,19,icon_1915
340,-31.945974230000000,115.861584600000000,J C Ibbott. Butcher,19,icon_1915
350,-31.945579580000000,115.861693700000000,"Jas Feakes, Butcher",19,icon_1915
352,-31.945668049999900,115.861953300000000,"Jas Feakes, Butcher",19,icon_1915
296,-31.946971280000000,115.860821599999000,Jas R Ward. Masseur,19,icon_1915
282,-31.947386620000000,115.860528500000000,Max Bercov. Butcher,19,icon_1915
403,-31.944225690000000,115.862122900000000,Mrs A G Williamson,18,home
203,-31.948889200000000,115.859171500000000,S Lucas. Fish Shop,18,icon_1915
424,-31.944033180000000,115.862904099999000,Sydney J Armstrong,18,home
274,-31.947533610000000,115.860531400000000,Goon Goon Laundry,17,icon_1915
334,-31.946075499999900,115.861502300000000,Joseph Rosenfeldt,17,home
240,-31.948362629999900,115.860093500000000,"Lee Hang, Laundry",17,icon_1915
444,-31.943443299999900,115.863010700000000,Samuel Montgomery,17,home
395,-31.944329629999900,115.861789200000000,Thomas H Williams,17,home
199,-31.949209130000000,115.859016999999000,Thomas Robert Loy,17,home
263,-31.947580989999900,115.860048000000000,W Jackson. Cutler,17,home
449,-31.943110500000000,115.862659200000000,George F Kingman,16,home
366,-31.945324039999900,115.861871600000000,William H George,16,home
380,-31.944942550000000,115.862115900000000,James Stevenson,15,home
426,-31.944105510000000,115.863012800000000,Morris Hoffmann,15,home
433,-31.943316710000000,115.862541500000000,Mrs C J Stodart,15,home
286,-31.947134179999900,115.860705700000000,Mrs K F Rendall,15,home
346,-31.945731469999900,115.861785100000000,Robert Donald. ,15,home
378,-31.945175460000000,115.862337200000000,William Beckett,15,home
295,-31.946700759999900,115.860538500000000,Chas H Nielson,14,home
414,-31.944252140000000,115.862836400000000,Chas. H Dorney,14,home
292,-31.947048809999900,115.860762700000000,"Du Rieu, Nurse",14,icon_1915
191,-31.949210839999900,115.858756400000000,L. Con. Draper,14,icon_1915
407,-31.944140829999900,115.862182800000000,Mrs B M Vowles,14,home
386,-31.944846349999900,115.862176199999000,Mrs M A Linney,14,home
445,-31.943174710000000,115.862647100000000,Mrs Mary Dewar,14,home
437,-31.943279660000000,115.862569400000000,Edward A Sims,13,home
440,-31.943490720000000,115.862988400000000,Mrs A Moloney,13,home
399,-31.944212910000000,115.861879700000000,Mrs C Pollett,13,home
258,-31.947743580000000,115.860312200000000,Mrs H Macphie,13,home
418,-31.944073360000000,115.862758000000000,Mrs R Hoffman,13,home
455,-31.943038630000000,115.862929900000000,Jno W Hughes,12,home
397,-31.944311330000000,115.861969800000000,Mrs E Gibson,12,home
308,-31.946724180000000,115.861034500000000,Mrs J Jordan,12,home
330,-31.946151770000000,115.861584400000000,Reg Reynolds,12,home
410,-31.944424760000000,115.862813700000000,Arthur Wray,11,home
304,-31.946773830000000,115.860938800000000,Mrs H Quinn,11,home
419,-31.943838100000000,115.862198600000000,Mrs H White,11,home
451,-31.943131680000000,115.862880100000000,D Mylvanas,10,home
405,-31.944152530000000,115.862051100000000,Denis Ryan,10,home
370,-31.945346499999900,115.862228800000000,Mrs A Ward,10,home
392,-31.944779520000000,115.862393800000000,Set Long.,9,home
